Length,Width,Inductance,Peak Q,Peak Q Freq,SRF
10,2.0,3.780345204245829,123.8709362220469,201.10806137965133,
10,2.5,3.6091536782353044,143.44456018297095,201.302031511457,
10,3.0,3.4777352472544845,125.55377460448494,203.67738348166725,
10,3.5,3.3495471615077306,131.92616768105034,191.97177118524166,
10,4.0,3.127195494364706,145.3549127530612,199.58703912815184,
10,4.5,3.0967538697065575,153.64624175679637,209.81578251653337,
10,5.0,2.9979193108596314,156.94097776973447,207.05172232989457,
10,5.5,2.8461152259238642,167.97780100686427,205.52776543104721,
10,6.0,2.7097979242651027,176.856590966897,193.01680083489006,
10,6.5,2.7022030117629403,192.2949132750902,209.31997706472853,
10,7.0,2.6173427859473613,186.98271579948195,203.01350427755506,
10,7.5,2.6027021297615978,200.05339912402968,195.81115892987634,
10,8.0,2.5089074784461483,190.40408603910512,190.2595462058016,
10,8.5,2.4021504891174645,211.47980121263458,206.66332003651866,
10,9.0,2.448486785055779,199.3817558151964,204.3799971320496,
10,9.5,2.2805518999652192,209.39611553215073,209.65199224241914,
10,10.0,2.3083472927051325,219.7537845362406,204.63149049445505,
10,10.5,2.6428346436111365,226.57358701067727,206.63234113218235,
10,11.0,2.9047324609382765,249.04487863007742,191.76267846649006,
10,11.5,3.0457512217157174,252.39900329531704,193.22401391865267,
10,12.0,3.360262771638216,266.2848875925679,195.24248291379087,
15,2.0,6.432140303506938,144.5825331430219,205.5836279828718,
15,2.5,6.574470243026392,177.70641530548966,204.49899264112165,
15,3.0,5.829425925180556,146.56923589582277,190.15081169782025,
15,3.5,6.001087659644768,148.51899965398928,198.0412590149725,
15,4.0,5.637266812875712,164.3715100327723,192.6778986027377,
15,4.5,5.429634871414944,174.77884954179987,208.2208777037102,
15,5.0,5.152396383702139,183.22360778729197,191.35028591854476,
15,5.5,4.981383844354519,190.21766195987956,191.75937958035004,
15,6.0,4.8567790739028815,210.34051948747316,193.7362222358678,
15,6.5,5.052571540082619,204.34879448120992,197.24074632001708,
15,7.0,4.639249419363464,224.4138626193556,192.28281680951162,
15,7.5,4.780704695889528,214.7364994773556,193.02084848085238,
15,8.0,4.668480443162099,226.74477101899234,192.14866927015004,
15,8.5,4.486945651614165,225.69224413787467,190.5058255702384,
15,9.0,4.584582515382881,226.2050330653659,208.85807719119143,
15,9.5,4.240198717747915,254.2711116091543,207.48200411765941,
15,10.0,4.015279454067615,251.31644729039422,208.13544995953444,
15,10.5,4.129104730187845,253.5599719876477,206.75670635762552,
15,11.0,3.9351521026610086,250.69272801128346,190.53732044666535,
15,11.5,3.833274698209837,252.19582810829257,194.3831282555302,
15,12.0,4.106447047083539,280.13421123862105,194.83476210092903,
20,2.0,9.808749705695844,160.5162095264934,199.68568525971196,
20,2.5,9.804892785263556,179.90875439043228,206.41828952429128,
20,3.0,8.889700724685321,150.65729738331808,200.66032765622117,
20,3.5,8.415133454235573,160.81274880072965,190.31333653399355,
20,4.0,8.974984774278509,184.2257528415258,209.1580207415826,
20,4.5,8.50109679365508,194.22607767414132,206.72557271824599,
20,5.0,8.261465434210185,199.72827366004424,200.684089789453,
20,5.5,8.126161200364788,206.99337605357408,200.049151821495,
20,6.0,7.54001192992417,206.2252515643309,199.5010136548074,
20,6.5,7.448553715518776,215.34248108886436,200.31312177481837,
20,7.0,7.234478695730579,232.97517007395385,208.84149890520428,
20,7.5,7.434526692951075,229.70983986987426,196.47772790981398,
20,8.0,6.886602014073068,244.17794761013425,192.39611692797106,
20,8.5,6.764102434191689,240.17397469255025,201.42323822916785,
20,9.0,6.908684029434101,242.55579777967486,192.06958646193272,
20,9.5,6.6875725856678345,272.656522757655,193.25436329017094,
20,10.0,6.51304061205741,266.86650453699525,205.52176449993414,
20,10.5,6.149473395250131,259.60287559526773,195.1204472825519,
20,11.0,6.197448426306953,260.8581628194536,203.93543059582984,
20,11.5,6.411880526546371,272.9155584202004,199.21520326208164,
20,12.0,5.821028036992348,280.90655175069935,190.73410102606525,
25,2.0,13.880167403510075,168.34754654254948,200.10954123000656,
25,2.5,13.27200355206324,197.2423454562772,198.93909386665408,
25,3.0,11.971874405752741,153.03675824688048,201.95363305492447,
25,3.5,12.419701919515022,175.14848606034386,196.87102954497766,
25,4.0,11.7007859833237,179.4723198173759,205.64589650911967,
25,4.5,11.272664731343767,192.40729265029748,200.34165113746795,
25,5.0,11.217501644818146,214.84544441540888,206.52573244972137,
25,5.5,10.588901716772213,228.15452257537927,191.83255897598312,
25,6.0,10.10861614405483,227.65297718158374,205.9362683987162,
25,6.5,10.044710116750174,233.27568844861753,191.2318493334552,
25,7.0,9.779016851761407,244.0056007981376,196.3688473423587,
25,7.5,9.810097732024671,248.62881932575908,193.4317587086437,
25,8.0,9.710218511303744,251.2915985234769,194.11652793777955,
25,8.5,9.269872958721553,246.9037885461855,202.85199314759137,
25,9.0,9.60807362131555,267.483938249701,201.30662865863945,
25,9.5,9.047616984289586,261.9149835036555,206.84231713154975,
25,10.0,9.117284528678901,263.67158233898834,202.49457590488353,
25,10.5,9.037267623059671,262.3773350097391,196.35435590984687,
25,11.0,8.958482677806014,291.2235184327871,199.5005275835641,
25,11.5,8.293580211495437,288.0220816795712,192.29305272800852,
25,12.0,8.293606034826725,303.4538643621165,190.28320604812225,
30,2.0,17.731416986756013,179.9361488633047,194.97789190723665,
30,2.5,17.007494001922705,205.05997896090767,205.1923313887209,
30,3.0,15.972490375651946,155.2583709860043,209.85151762681653,
30,3.5,16.09997146908179,174.675779121052,196.8640886238173,
30,4.0,14.651237497811161,200.56663728273355,197.854099005631,
30,4.5,14.560193100118722,204.80862608357535,199.14633754385918,
30,5.0,14.257535836418775,206.49855597876154,200.60907852382672,
30,5.5,13.483963804116602,231.6915790393717,195.20453030277815,
30,6.0,13.233209922645464,239.8274170853235,203.43164965739572,
30,6.5,13.51761949254654,238.43117452460373,194.93255430312627,
30,7.0,12.416475829029185,240.75597576501775,191.72666085642516,
30,7.5,12.681653909720124,248.4228109422546,201.07577661483913,
30,8.0,12.312404771964323,240.7776941521011,194.01757732039528,
30,8.5,12.678692912591345,249.16072147426027,207.12614448566228,
30,9.0,12.060710902744335,270.6213788440993,209.44973809208642,
30,9.5,12.425759816136564,280.00616400341363,197.72776535573485,
30,10.0,12.129268357706115,262.6913577417495,194.85208005367485,
30,10.5,11.192065853641857,279.680173887548,198.37525604000163,
30,11.0,11.846242044212927,272.3711008242541,195.24100791103763,
30,11.5,11.292626192672586,272.65327106667974,200.28677979865964,
30,12.0,10.612251592059742,297.8953060553683,198.72938148065748,
35,2.0,20.248460187633533,182.73292757193317,198.88170194005698,
35,2.5,20.3482411036589,199.7365133961899,198.89194308847036,
35,3.0,19.554026806628343,155.78703278379294,192.0699350520678,
35,3.5,19.94550028284778,175.3285779439645,190.86189843535502,
35,4.0,17.94028247298218,200.2340062752572,198.40343669346882,
35,4.5,17.420690169696737,193.8665683901811,208.0147169905404,
35,5.0,17.98050311742928,209.16496360043547,209.1549020150308,
35,5.5,17.357329049179274,221.32501603948077,201.52379601551587,
35,6.0,16.25661993091388,226.03657595824444,202.78632271963656,
35,6.5,16.192246805906542,245.7681385300987,195.95536910075606,
35,7.0,15.75907604831727,239.1749487180171,203.5091433237538,
35,7.5,15.910326213064806,252.77381617820885,202.70106982166584,
35,8.0,15.143284761538762,240.94047535204916,206.39243882267516,
35,8.5,15.689684578101039,244.84305795677082,200.12043432566784,
35,9.0,15.07444484572613,259.32810567061273,197.25077470069252,
35,9.5,14.210359649798884,273.0157731626704,204.15369810320715,
35,10.0,14.589892017325315,265.79642482853023,208.9991466470773,
35,10.5,14.507584724714462,259.15933072348776,197.42555624960093,
35,11.0,14.179473435851389,278.1571573159951,197.54462471688765,
35,11.5,13.588953068020118,285.4576839390369,206.6766806106415,
35,12.0,14.375156568017825,264.0113063293865,209.52736163688294,
40,2.0,24.35452224964124,165.04985775806597,205.40429337388142,
40,2.5,23.655004021747708,197.75535708291727,198.84655567860858,
40,3.0,23.229515156212546,166.66783255112344,197.0834102811557,
40,3.5,22.331185742412487,175.0086005144253,206.03399209986722,
40,4.0,22.780126105726804,186.48683613680998,199.59359139711117,
40,4.5,20.774097359123562,185.87850989592383,201.08969747564086,
40,5.0,21.806121278782193,201.02540073245447,201.0116586428761,
40,5.5,20.89460948600528,221.46644301392092,191.030296259896,
40,6.0,20.88835536233166,209.39355337037213,206.1185832057001,
40,6.5,19.137401466638853,234.16140750921912,202.83480497353156,
40,7.0,19.376010267997383,224.67516279080584,196.1103685670404,
40,7.5,19.881152781029748,245.4473361610099,189.99726754007443,
40,8.0,19.510607301474938,234.47186199509727,204.1571701280433,
40,8.5,18.12749770733571,235.9362756487326,204.1076873043095,
40,9.0,18.693897583081565,249.06356539194599,208.3745332020216,
40,9.5,18.228667164191414,248.95435250843937,202.98679578406745,
40,10.0,17.434296726610516,239.23470179272306,194.34987663480942,
40,10.5,17.779136798232543,264.24314498396717,191.64751112169034,
40,11.0,17.063309587338917,246.4864480276042,206.608705010658,
40,11.5,16.62442299604932,259.54154712398093,205.20709201883133,
40,12.0,16.446401244881923,246.50876438718583,198.2163415236438,
45,2.0,30.40143520675256,175.3306238686894,206.08846092783344,
45,2.5,28.28920236921276,185.9028687935966,207.59743024025542,
45,3.0,26.57403091599726,150.32313974484128,198.27149827014975,
45,3.5,26.884255427568974,163.98348765364653,191.18528159765586,
45,4.0,27.046976212314025,185.9978291999868,203.4402578016761,
45,4.5,25.590887864718034,191.84166584940715,195.23618222797074,
45,5.0,25.486416475847427,194.39501403365625,202.03841638047055,
45,5.5,25.128322903449686,195.45167057686044,208.05481070441402,
45,6.0,24.66501797713861,200.09656454608657,190.40304064423077,
45,6.5,22.327074444520854,209.21349819427417,200.68211662832226,
45,7.0,23.156493146000702,201.34561317970548,193.98805391450662,
45,7.5,23.131008787509803,215.84216494467768,199.5713471748807,
45,8.0,22.3612285318725,210.98753520915147,196.31052148254398,
45,8.5,22.294899972876667,223.03379480152128,199.1130693520768,
45,9.0,21.763424163153896,222.29067053306738,209.53493655229414,
45,9.5,20.889691275213636,236.0926693550275,196.42403976512733,
45,10.0,21.643932995178673,240.7065844863065,190.04416839704263,
45,10.5,20.241837544966053,228.31765239133267,209.2552409388563,
45,11.0,20.666829261598156,232.56062537414897,208.09772361248787,
45,11.5,19.497727468406904,241.02717482355982,188.6230034257512,
45,12.0,19.494126941088215,236.93617396562482,200.7222801284863,
50,2.0,34.395000953529134,160.48871156356338,199.0862393365535,
50,2.5,33.75577368791268,178.85932428612412,202.72782339232424,
50,3.0,30.47164391955704,150.5638766731321,205.6563433663274,
50,3.5,32.049062190912196,169.9803914408738,195.65898493280434,
50,4.0,28.72929143500758,171.3610828371198,204.12610873560368,
50,4.5,29.95610586791108,173.74933821060228,200.34623101012997,
50,5.0,28.309176158284554,194.28693705949243,202.96934067572104,
50,5.5,27.905962728065738,190.20919409721068,189.9937733853469,
50,6.0,27.734607253343302,200.4674623718351,196.28989353370483,
50,6.5,26.63098932967976,207.1595699886845,204.0946967694933,
50,7.0,27.688973485600982,202.11785559112454,201.59687431952852,
50,7.5,25.543394962820035,203.63503126227323,206.9608390429041,
50,8.0,24.47066451878229,204.73452823682956,191.29632536229192,
50,8.5,26.079800653214452,212.56422351969982,203.34307609064868,
50,9.0,24.268384200602217,202.11742519992015,191.87004133402874,
50,9.5,25.573310861403858,208.71945310556706,192.4882320842027,
50,10.0,24.962804500559024,216.67808671029334,199.64974290267804,
50,10.5,23.167743408769915,205.51533988147477,190.58131990693838,
50,11.0,23.66638799530637,200.23127141280855,154.32261949114243,
50,11.5,24.065362483492237,204.8806449588055,202.7306185646338,
50,12.0,21.645741363676446,208.41535329143073,202.122363938157,
55,2.0,38.08729625314178,150.7054615423265,202.33072464416662,
55,2.5,37.998297154828634,164.40290868024428,196.21680649466865,
55,3.0,34.05866894503699,144.09059740567432,193.7810606433503,
55,3.5,34.62909468607294,150.01047768103248,200.510654152884,
55,4.0,33.816771331141226,160.9120837176665,192.87263432892306,
55,4.5,34.39449485902541,166.56147002435614,198.48925442994948,
55,5.0,33.847651743410054,170.94809493193722,207.69484518666974,
55,5.5,30.389521172277746,172.66360623742435,197.38566255840465,
55,6.0,29.597666108351056,176.26278725792855,190.64361737846784,
55,6.5,30.41806763567779,186.71550089157046,190.0554813103154,
55,7.0,29.99762590934613,189.95134340728035,186.03207876451694,
55,7.5,28.610574000890146,183.58593567465238,200.57888270490156,
55,8.0,29.774000602167042,180.917681379745,179.76571584695995,
55,8.5,27.830713447353435,194.55031847743643,187.2445196244819,
55,9.0,28.937659642322917,185.4722275165475,174.29253560753295,
55,9.5,26.91367756797533,192.20665867207597,173.582393120441,
55,10.0,28.416761788478578,202.0153936998118,170.09927166552507,
55,10.5,25.97801037141881,192.44339564821615,167.81161882469655,
55,11.0,27.05426775719679,207.14819927851264,165.6942365033324,
55,11.5,26.233648326688275,201.5786550758067,173.92842480294638,
55,12.0,25.123303925742615,196.5843580474481,159.2970398804551,
60,2.0,41.09624126263989,142.25832770409022,196.62711986303898,
60,2.5,41.77402033613297,151.3134785222318,199.35877667782847,
60,3.0,40.29490984695065,136.3856699139762,207.1722727263751,
60,3.5,39.54377996109569,149.0624024903434,208.78078247469682,
60,4.0,38.989603920707275,154.84419429964876,194.50302460293665,
60,4.5,38.487751912624795,155.6064698802193,185.6968017346349,
60,5.0,38.03288401011473,163.4366022977017,176.32885373098753,
60,5.5,37.02940147484509,162.83036272966243,189.77267207942126,
60,6.0,36.44622171271931,164.07296243959152,178.24863255649188,
60,6.5,34.56155161858783,163.39302263288042,185.14827688774216,
60,7.0,33.515481597611874,171.45159267373967,177.42197160407963,
60,7.5,34.74959010005762,172.25716597805993,169.44340003029708,
60,8.0,31.703327327556078,167.24253086154297,169.21751933744275,
60,8.5,31.070346445715174,168.86078539216712,166.36318540670712,
60,9.0,32.14596759497967,177.0080519921371,161.06554072595458,
60,9.5,32.79737033030927,171.3131226908166,169.68961580420637,
60,10.0,31.307215368850738,186.98858611178477,159.05806824661482,
60,10.5,31.512397359441746,174.17067431234184,166.5120752962925,
60,11.0,30.386814247607518,183.38898527077626,158.66171917334228,
60,11.5,29.634495416246235,178.17130837773965,160.86405692039108,
60,12.0,27.984156090991867,192.36151183340337,160.91244083542574,
65,2.0,46.4545652434554,139.637058495089,184.34234549165313,
65,2.5,45.52399451687284,140.66034990911564,175.07129585345712,
65,3.0,41.96180812147455,126.01608397253452,187.68059127312063,
65,3.5,44.29884642026609,133.590008078177,189.53401553805708,
65,4.0,41.72723422521765,134.156727415285,187.91922946644704,
65,4.5,42.232286534077986,142.7949560492977,172.4260924037432,
65,5.0,40.96315497229556,144.43741441018804,165.34219908619627,
65,5.5,39.897261267066575,150.47948291957897,172.62424732129224,
65,6.0,38.022025210121015,154.7573055051149,156.35011115423836,
65,6.5,40.01363704636678,156.82884994656328,162.70531342113875,
65,7.0,36.128784581887636,165.98045883204955,153.1658453219119,
65,7.5,37.381338411611566,162.84803864210625,150.33081070574679,
65,8.0,35.44692362653342,163.65709365036957,152.9311031329625,
65,8.5,35.66964743591147,162.98269261883513,151.71050207034267,
65,9.0,34.82596733635277,169.0472490957691,157.1596655489331,
65,9.5,35.63214478431986,156.37115433185977,155.6569008940057,
65,10.0,33.65987278077507,174.86059994662517,148.06210845771804,
65,10.5,35.41242327026421,167.21890104230675,140.24873976827493,
65,11.0,32.565496709549336,167.28048697803007,148.60193939721907,
65,11.5,31.48238588745058,176.73716117673945,147.52734687698222,
65,12.0,31.252961638553025,166.90489880469636,138.92184050358088,
70,2.0,53.0557268465288,127.4977417819851,172.82249865254772,
70,2.5,48.41776299453981,141.01948840985347,165.21088863131646,
70,3.0,46.259014844668734,120.92823658097922,179.34854192726928,
70,3.5,47.43305945603705,129.90869059153016,172.42519686143393,
70,4.0,46.194454056936365,131.8581188446691,168.86315594156954,
70,4.5,46.92403573976874,139.1296341023118,161.8402104062587,
70,5.0,44.329321091969504,139.32773080593807,167.28299625570253,
70,5.5,44.077595721248926,143.84267119313307,148.37199612918815,
70,6.0,42.97488571875998,141.59528977473832,154.6825072672502,
70,6.5,41.696795259906104,142.477051248591,156.89567760686427,
70,7.0,40.3063352094478,142.41190421002094,145.4282146449366,
70,7.5,40.21496529974751,155.72109481990142,156.0214056455213,
70,8.0,40.67625452388625,157.36736449453116,140.9138624085399,
70,8.5,39.933017624912296,148.86115570031583,135.25669520487986,
70,9.0,37.688878233600214,160.2129287062895,142.56431509896882,
70,9.5,37.00985990361725,158.20073990224853,133.91955024972424,
70,10.0,39.79449899164826,150.03869121091512,134.69647403687762,
70,10.5,38.74065358619163,150.0504898815855,133.0517372483749,
70,11.0,36.15740181351215,162.7039711042459,136.78589698188986,
70,11.5,36.55459486234864,160.1048321655088,135.89530496134697,
70,12.0,34.338160105308035,164.42918980555416,124.2577387588865,
75,2.0,54.39394123935795,116.13576708204144,158.50131935544147,
75,2.5,52.81768879168284,125.97054407304854,160.085638156626,
75,3.0,50.65934437009475,112.52350594213569,155.499024298922,
75,3.5,49.520325061256386,121.07461065786104,164.34092320336592,
75,4.0,50.49562607816802,116.08021338040824,150.14564467747803,
75,4.5,48.1767357341623,128.18478431561158,155.8328817523696,
75,5.0,46.25367987725725,128.74566687449882,148.2805214636959,
75,5.5,49.02494119284743,126.59491945494179,150.2736984151833,
75,6.0,46.67350773945803,128.9747050982446,134.9274278754474,
75,6.5,45.87794940035736,130.666291584375,143.41166122079613,
75,7.0,44.70378071259332,144.82215095963397,130.86312405073636,
75,7.5,46.10019582640748,144.49583624617856,138.42581822732416,
75,8.0,42.54021319793375,138.51083167170896,139.04828078663417,
75,8.5,43.31192088767806,135.68793343074412,137.2779764334351,
75,9.0,44.69275718456689,140.23356906776533,125.14854367955522,
75,9.5,44.27489302972167,149.7823496223165,129.43596745655492,
75,10.0,40.20273122478448,146.84692578808054,130.3457425890463,
75,10.5,39.111364131715284,145.8323628532829,127.87023692266283,
75,11.0,42.21905707520082,151.0343912778861,128.3834274333607,
75,11.5,42.03907373346249,141.44592447186204,123.33784163291621,
75,12.0,40.11932980221761,147.46644486755193,118.39780694962394,
80,2.0,62.04639216400786,109.33093975400992,147.5325683192943,
80,2.5,60.48049221593607,119.31820341394726,142.02440786500708,
80,3.0,58.012130816308115,102.24269899691865,152.74011199169007,
80,3.5,58.02553211513015,106.54115109949885,151.7821746433866,
80,4.0,54.11826319506539,111.43611157882015,141.85209601807358,
80,4.5,56.42314620219939,119.72954210962376,138.76646554472802,
80,5.0,55.11074007685957,124.76812760869264,132.26735624927022,
80,5.5,50.12109824088269,128.1980848539147,132.40718458415762,
80,6.0,51.30318082828659,121.99764836572368,131.22731814792948,
80,6.5,50.82202628276221,130.7963212205895,125.71336952127871,
80,7.0,48.61555316148661,133.8004960053097,129.01615353929952,
80,7.5,49.317093473713996,134.45279263824776,126.62224301777152,
80,8.0,48.03816705670214,127.32352892621321,128.28217151659808,
80,8.5,46.820694170453216,128.98102357543897,117.4667585781973,
80,9.0,47.916187509156,136.58399460345865,120.79885837836548,
80,9.5,44.394613933516595,130.27906098957527,112.48593359165812,
80,10.0,45.49291671832154,135.21372726781283,117.82215893661846,
80,10.5,43.8265438339921,135.17756257105557,113.63408700654537,
80,11.0,43.48872839291232,136.6220284132656,110.29302444377022,
80,11.5,44.41751519316446,132.99093623758216,114.77792065281304,
80,12.0,42.398270859572385,145.92764364488195,111.77777066100055,
85,2.0,66.74488360102993,99.06559922936637,149.00250690340957,
85,2.5,67.09403650163303,108.53888874428752,140.0957011000838,
85,3.0,63.60769334838392,100.45039007729389,141.39395062766943,
85,3.5,59.33860113378027,98.43888431091749,135.68187648443077,
85,4.0,62.3181771270138,104.77902886315799,138.39455726920568,
85,4.5,56.74544091635314,104.93368191961493,128.20379039889724,
85,5.0,58.113924328322774,113.48023115711463,128.26524317616992,
85,5.5,53.853681321427224,120.06076146984736,122.1793990943328,
85,6.0,55.12573153956554,122.34414593411842,124.36413764919094,
85,6.5,51.92660529756844,118.90714625513509,121.61398307262483,
85,7.0,55.10569783543972,127.46115436638839,115.76931307301408,
85,7.5,53.180804169678744,130.4050615029258,117.86816515200023,
85,8.0,50.097305334070015,124.98525274637151,115.11272409659918,
85,8.5,48.78241037537407,127.93538135394473,108.4865501082001,
85,9.0,49.11038602277199,128.88760199835002,105.97040317964209,
85,9.5,48.469220903370775,129.13631950843026,113.30170924007201,
85,10.0,50.709225202459784,124.08019677250047,103.08722417181846,
85,10.5,47.85943764936551,126.85789026185272,105.96768339074356,
85,11.0,45.86142200538909,127.44377714634842,105.0543861688965,
85,11.5,47.76018865027143,130.85710021124828,99.53442213499618,
85,12.0,45.26447613009057,134.0452776966636,101.29756759131591,
90,2.0,70.71560991529762,100.099706910526,135.61322940728803,
90,2.5,71.59809393623317,101.62729331573134,126.77215903478908,
90,3.0,65.5298706458097,88.50411245706292,139.76412980234548,
90,3.5,67.93721807511794,97.01720680156416,125.49752172043583,
90,4.0,62.37276069071048,99.51925372723022,120.94367252152304,
90,4.5,63.944261580318084,100.85757179538116,128.09903565830828,
90,5.0,61.74171603016525,106.56580986957479,126.71037725846729,
90,5.5,60.51189663383243,111.99733139762202,121.30947339420749,
90,6.0,58.30261493170997,114.95723302589641,118.20490221035979,
90,6.5,59.26350172686345,119.66089027261766,109.24615302180402,
90,7.0,55.798674558309045,113.88156068532406,111.29496842806856,
90,7.5,56.40111451283513,114.72095366919054,103.1586016731214,
90,8.0,56.15621601131462,113.10173972107721,110.69057873541198,
90,8.5,55.26568105409072,121.12294840935738,100.42277069666314,
90,9.0,52.06731039428659,113.9601273261942,98.5752170284175,
90,9.5,55.00272418614931,123.45025636408394,96.9197212787157,
90,10.0,53.420325922925706,117.55380075437999,97.61948489290836,
90,10.5,50.36777507922314,123.36303731982065,100.42174541665611,
90,11.0,53.95948060202286,124.45269531718719,96.93875280891915,
90,11.5,53.36399304794123,117.9301810627092,95.3457424258572,
90,12.0,49.10814516419615,129.04863099919146,89.41543854038426,
95,2.0,73.68240468303952,89.08741986359591,124.34743317037109,
95,2.5,74.78533314242033,102.68777756170977,121.7388686945771,
95,3.0,72.98959484741893,87.4835716202041,128.97629108448956,
95,3.5,72.77611325287047,91.88204179094544,117.27679669533585,
95,4.0,69.86061766241242,95.63785691347903,116.76214769929396,
95,4.5,69.31799851629277,102.95578384026041,114.97212899366222,
95,5.0,66.93425112024582,102.24731811028659,112.62071683508339,
95,5.5,68.19975028757337,108.89828089545374,112.01040187445523,
95,6.0,66.41082244135333,109.84123041011145,104.55358455165971,
95,6.5,64.32046219776583,107.69979635632376,103.16147339674968,
95,7.0,61.663579170667305,114.02605662735617,104.80771294720948,
95,7.5,58.40063490640308,113.76736594869278,107.64932280337229,
95,8.0,59.52215696281797,110.29487732136677,93.3324911605568,
95,8.5,57.13608883231184,109.59575261066857,92.6952779082344,
95,9.0,59.858097310689175,108.00022638677308,91.98765770365351,
95,9.5,55.56989548734683,111.32871663261137,91.44406816134138,
95,10.0,59.630753041027575,112.02562992564688,88.53233233199144,
95,10.5,55.38047110368145,111.7653841733913,91.43209946542069,
95,11.0,56.95092694748853,110.83242076574412,86.66414618609261,
95,11.5,52.98637366326868,116.5289446077338,87.02526180215729,
95,12.0,54.63250354640683,118.76068683352399,81.75997855315784,
100,2.0,77.36965277711042,90.85543581949811,121.72874684561789,
100,2.5,77.16744818496075,97.44487272112566,112.72544237782623,
100,3.0,76.42327514151984,86.9960409452901,116.00561262356689,
100,3.5,77.58839963479292,88.66161245287978,112.21832284160958,
100,4.0,74.7005854224573,95.08242030925481,106.2756842476053,
100,4.5,71.05497466892136,93.70681714131307,108.72177808657607,
100,5.0,68.01092048152269,101.13918521235614,105.68075384903382,
100,5.5,72.91659811362878,95.15409048593361,97.83670465369644,
100,6.0,70.33011454177117,97.20840358780647,100.99674705918893,
100,6.5,68.90195350289248,98.22361174974196,96.28394041152568,
100,7.0,67.90891499475583,102.80588034901889,100.71331480960225,
100,7.5,65.51704136379087,106.06295805880033,90.4763765230033,
100,8.0,62.954070706080294,108.14935373506789,90.33576738535166,
100,8.5,61.36680070844092,110.15937310717324,86.86958693143605,
100,9.0,64.37341295785505,104.57357287293537,87.09014181967504,
100,9.5,63.93256424016936,112.20897672636266,80.44384956388217,
100,10.0,58.22349497008104,106.57610278522453,80.75374555269595,
100,10.5,58.32412213209643,110.43439404080729,84.65257845536549,
100,11.0,62.39494051433689,112.89210044216921,81.88942947994647,
100,11.5,61.566915308146925,114.88833535130894,79.0871323753689,
100,12.0,58.5302325406267,108.1688391092315,81.28910310708511,
105,2.0,82.07461859896408,85.96583009292675,117.60707814659946,
105,2.5,87.2769757751207,93.33306490135321,108.27042057199937,
105,3.0,80.83030330835119,75.6103165435345,113.56214933752204,
105,3.5,80.2957985300055,86.52083955883278,110.5164402864907,
105,4.0,79.20246471887847,89.45999447970915,103.91544635597349,
105,4.5,75.97514897375557,92.6595629034013,97.32296463019928,
105,5.0,78.08739119896119,96.01330781790627,97.96418898910929,
105,5.5,72.86123480163334,90.9064787840973,99.66832437216058,
105,6.0,74.16462661372705,92.05287912476449,89.43086249636326,
105,6.5,74.59175398152546,97.30239022646875,87.3145913107279,
105,7.0,73.64391113776091,96.7742816355568,85.45201621269935,
105,7.5,66.5993700247596,101.73641064247181,86.1912867763585,
105,8.0,65.83221591057784,104.86534032063972,83.63715654275998,
105,8.5,64.73359962830189,105.28822391346264,81.09198227484991,
105,9.0,63.96068207942166,104.7195068332852,78.47055020296145,
105,9.5,68.20220209030053,100.43790172466305,76.2960095352667,
105,10.0,66.50597953581297,104.38311183875769,72.26768007286454,
105,10.5,67.5380966688123,103.80822769489177,74.9912061646701,
105,11.0,66.40219258711,107.9231704379784,72.44865245685271,
105,11.5,63.620851484069085,106.78119595543605,73.01779727535376,
105,12.0,60.21315427360555,104.99831028629413,75.89504244482148,
110,2.0,91.2448141448906,76.82176879467279,111.89798354243818,
110,2.5,91.87072913812676,87.7756584617643,99.35152598720592,
110,3.0,83.31704054236789,79.34604245616913,104.8085157863977,
110,3.5,86.6138857106114,83.6739243249619,96.68990406365357,
110,4.0,80.58958275189829,82.64598274322007,101.9106532082592,
110,4.5,84.66243650475589,88.31906719409075,92.02989304834578,
110,5.0,77.60956632693787,84.30999398685316,90.17226054003122,
110,5.5,81.38823305775374,94.51097334775226,85.32013097014871,
110,6.0,74.44927308151324,89.04370796701411,88.24921491503096,
110,6.5,77.49139603518748,94.74676488594704,80.14509184044682,
110,7.0,71.7227872857301,96.79762874812998,78.16363812639499,
110,7.5,75.34882861253512,92.32567616221984,80.59556437008476,
110,8.0,74.60511965335829,97.50703960427894,82.12856036875806,
110,8.5,74.5611261696518,102.1303818149701,75.64583117360641,
110,9.0,72.98929531687712,100.68975969890683,72.25751133643851,
110,9.5,73.39902294959376,95.17713829641343,76.87411158873087,
110,10.0,67.5326799244354,102.49324254174805,75.00782408724673,
110,10.5,71.45667259645747,97.9253053759816,74.37125634829947,
110,11.0,68.60580672095375,100.30020093774988,72.54278941791446,
110,11.5,68.73262743196638,102.5690409039829,68.02519657240745,
110,12.0,66.01127230902475,106.3550302144055,70.57454279818091,
115,2.0,95.35711678399912,74.37605611634204,99.20804046752863,
115,2.5,97.26036385152102,80.22310876968695,91.15739847046144,
115,3.0,93.65562650006417,70.67937708362253,99.10322986434393,
115,3.5,88.38483260519507,78.3047553536165,91.65227607673604,
115,4.0,85.31545064622986,75.61478244987678,95.81936482531643,
115,4.5,88.48504675068894,84.00003347226918,89.66643518054252,
115,5.0,83.03287102058235,86.74045431100947,87.63157106115699,
115,5.5,80.50643038073142,85.639127411788,85.57555467302717,
115,6.0,85.6461131459789,92.77296647317206,84.52365530984174,
115,6.5,80.95148702134449,90.65251036028111,82.34749757448316,
115,7.0,78.24101431369874,90.88811607365551,73.77195391674903,
115,7.5,74.7836724031571,91.46314374186414,77.7269601959886,
115,8.0,75.45752210063876,90.07690411174441,76.42289515524811,
115,8.5,74.62572847459971,91.00657280278963,73.65383680914108,
115,9.0,74.20948195561556,96.07366603814138,69.32750895538783,
115,9.5,77.06750858874221,91.58099237234421,67.35199007132022,
115,10.0,72.39274828840327,94.54024180954694,70.73161420888444,
115,10.5,73.37751962063247,100.35412054684214,65.21558682474381,
115,11.0,74.65839874403494,95.41028697436808,65.44844272449713,
115,11.5,72.56268804480035,94.42558364995905,67.06232516150888,
115,12.0,68.3114602440994,103.0507479667309,67.6428279040915,
120,2.0,103.13127687757472,70.33647337728353,97.20694986156833,
120,2.5,102.38057359700542,82.92593224531878,84.55926504747336,
120,3.0,96.33529287743978,70.41811624202245,96.56249695717233,
120,3.5,98.93030230000409,71.4522399167424,89.02417265277299,
120,4.0,94.32344289251853,78.03430171468757,83.47147733318452,
120,4.5,92.49528504029843,80.34154190524072,82.16965726263183,
120,5.0,92.1631689046391,83.90402579374513,77.6895060828459,
120,5.5,90.14012270466067,86.04239591956726,80.21656611627733,
120,6.0,88.57770406142534,83.39553534325026,78.91138694472136,
120,6.5,84.98457022255282,82.82077493473416,72.94218183931211,
120,7.0,85.21837572272501,89.09437172712785,78.27125980290309,
120,7.5,84.17683909427096,84.6680399829399,79.32992388668734,
120,8.0,78.59943040413637,88.52365320425535,72.20532891397676,
120,8.5,80.45375373662667,94.51526695395935,66.84203561139051,
120,9.0,81.82382799564854,90.58709708000355,65.86683930404055,
120,9.5,80.81388348961293,91.69271013850667,64.86433567534198,
120,10.0,76.39510063504818,96.54589994882966,66.48223671092538,
120,10.5,78.9372741744744,96.37676517395771,65.08828083492276,
120,11.0,76.75139808799283,97.145728322605,67.33644513161647,
120,11.5,78.01297126699203,96.69801954587932,64.80910776069861,
120,12.0,77.79100576489475,94.30988038116942,63.46114722733139,
125,2.0,107.45734694396522,72.38315959072094,89.42655300801266,
125,2.5,106.33919815391991,75.69032070167627,84.56415112511621,
125,3.0,106.13373643649511,65.3502557345672,84.10340488076608,
125,3.5,101.16416867972687,68.82135236240748,82.49895208722924,
125,4.0,97.21705181859758,72.64674230113411,85.11641463179268,
125,4.5,98.68369714817709,77.49621051315152,80.07938588171655,
125,5.0,94.83904714301072,79.88827234335132,72.84119358206993,
125,5.5,95.5018095819665,83.67021675546917,76.59669303732596,
125,6.0,95.48879295856004,83.95645525768823,70.84626959513893,
125,6.5,92.37525782873308,87.21850593512117,70.90789571054638,
125,7.0,85.67941435077886,87.50924546402547,69.90507836026094,
125,7.5,89.37570509503257,84.39299120477482,74.08570854647385,
125,8.0,87.4723158137428,83.13194250521173,66.3837987880733,
125,8.5,89.61734040455235,89.8075714823416,65.35254273644998,
125,9.0,86.37360113715584,85.58375163692381,65.83356365858266,
125,9.5,85.32656062850909,88.85570280953218,66.02156022332454,
125,10.0,84.79896884193025,92.17982376983355,65.48336708315817,
125,10.5,84.37584861123598,87.36434274425648,61.695844759075825,
125,11.0,77.32615235062102,93.84541888438252,63.23895405290582,
125,11.5,78.4668299070442,90.34055872036475,59.589350603789676,
125,12.0,81.86493718778301,88.86645820094492,59.728761220793416,
130,2.0,113.74854848272274,68.95978471506959,81.41107588939266,
130,2.5,111.34766139633048,71.91219342085019,82.46137551263564,
130,3.0,109.08301670780595,67.37365434524476,86.22513719490499,
130,3.5,103.78754147912147,68.91885786613557,79.99953003347123,
130,4.0,100.16263977288838,66.93241265485183,84.5311141640566,
130,4.5,101.69326981124567,74.5350459214082,73.89047870045886,
130,5.0,101.81119347594424,75.39591044204376,71.66028388264172,
130,5.5,100.92419763135105,80.29046478588393,67.08067391502601,
130,6.0,91.7763830169356,75.46161133947422,66.16321820190826,
130,6.5,93.56438677180554,84.62123058078357,70.02581316272507,
130,7.0,95.96268535282447,82.86263888673385,64.11196329597048,
130,7.5,88.13250550840266,82.38607032055647,69.07234991231293,
130,8.0,95.15623696929116,80.05653546400336,65.2331042768993,
130,8.5,93.48025969949394,81.1462398951439,60.852612894427224,
130,9.0,92.34809412722356,81.92179833464738,64.08193517381065,
130,9.5,84.69877388035688,87.82439351063744,62.503614745727184,
130,10.0,90.25288935817106,88.55551834744747,58.193781147877786,
130,10.5,89.89759883449284,91.10432202889147,62.37777122447948,
130,11.0,86.37431564481659,89.31618258639378,57.99031877306733,
130,11.5,87.15991700872448,91.18475669047277,54.3024597881548,
130,12.0,83.93014497175615,92.41111234189582,60.360119526951195,
135,2.0,117.43521196866443,68.39235548554117,78.32709567540434,
135,2.5,118.71334875380492,69.82149172154988,74.65007444771754,
135,3.0,109.50266994821996,62.63036778878729,79.41787366010836,
135,3.5,114.47776158922126,66.80941863908963,78.79871791573036,
135,4.0,112.39315869011983,71.56255861534825,72.48797507301474,
135,4.5,109.83909968862194,72.48662496817826,70.54138932190875,
135,5.0,104.22838308665877,73.83408704075771,70.83007741427838,
135,5.5,100.8655554317926,71.53619869669917,67.57030502491654,
135,6.0,106.06659803296537,74.5742603934765,66.55511678055977,
135,6.5,98.15266551179286,74.74518636442633,67.25157660059715,
135,7.0,94.45055696066935,79.78938080967747,63.74500050316533,
135,7.5,98.25022023206387,77.58893943656479,66.08477849877312,
135,8.0,96.13590826076535,84.08766422892138,61.04372665662876,
135,8.5,95.091734449807,80.73827127055934,63.73825180313837,
135,9.0,97.15881272059822,82.09020010476739,62.195306072653786,
135,9.5,88.44421014964858,79.811554830799,56.72561165865341,
135,10.0,92.57951581207632,80.57227296264466,55.88172538301441,
135,10.5,92.43473209440397,82.8251548434643,57.89640602219764,
135,11.0,92.4979382264174,84.31214151472719,56.72697412184055,
135,11.5,88.30707970476242,86.23270291911106,54.53886874591416,
135,12.0,87.430735176388,88.31402934730137,56.10674221372855,
140,2.0,119.01174359985832,65.20005788245422,78.33535298768597,
140,2.5,115.99338399709127,68.48968748468768,69.86465663334776,
140,3.0,121.67938648947411,58.038521989922074,75.2021676578171,
140,3.5,114.4864496428357,64.5970416744178,71.00361187280296,
140,4.0,109.23915847490927,66.80195184139303,68.39975653878771,
140,4.5,106.07237091199971,65.73983876741515,68.90718392746814,
140,5.0,105.46217687519695,70.41643467179033,67.64259582926627,
140,5.5,107.66859491884956,75.70041058399516,67.17452151540034,
140,6.0,103.64477623304614,72.25321820724065,63.55609558910334,
140,6.5,109.31236611549494,79.09416956658177,63.466904382431295,
140,7.0,105.82507147131014,72.86304455806342,64.47415726497897,
140,7.5,97.06937554857268,80.71966349528574,59.343510617488846,
140,8.0,102.94258908147177,80.22610001336393,57.31912507466817,
140,8.5,97.04462811258242,79.01035661584731,56.70541442985938,
140,9.0,96.19001007741618,76.75477437766013,58.68987923844941,
140,9.5,101.8291397211521,80.90553440201842,56.73129128699125,
140,10.0,94.20488652162112,78.1942097053773,55.805063363150744,
140,10.5,92.5566094667207,79.75700334203981,52.49294755821751,
140,11.0,91.21975541902239,82.88995930516512,53.578314438779984,
140,11.5,89.77081503312657,85.32726930497414,57.154297873538674,
140,12.0,96.31371185377739,85.32664372067104,52.60861372972095,
145,2.0,125.24950567927773,61.48177050378284,74.72993743161534,
145,2.5,125.92909975499856,64.4109935915357,69.2790018567174,
145,3.0,123.69698739630775,57.65898636987521,73.54390214263884,
145,3.5,121.80696566584162,65.12440944499687,70.23003046958705,
145,4.0,115.23881524796025,61.34287591978464,70.94449082441291,
145,4.5,111.4126153902453,67.67743614331322,64.9350283715911,
145,5.0,112.18170615752781,65.60965366596861,63.33541718946175,
145,5.5,117.2857281332389,70.34774946167833,63.263405001436375,
145,6.0,108.52393067806372,70.50206602842323,62.50208439310102,
145,6.5,108.3986666202406,69.9686727407688,63.44936223972123,
145,7.0,105.22864419957531,75.04985823666014,59.45618716015568,
145,7.5,102.72427817530827,75.62490930805893,58.89588613196213,
145,8.0,101.72577550166726,78.5464972410997,59.99494622774756,
145,8.5,101.6580659582683,77.89474835740666,56.08041507823467,
145,9.0,102.7666308947454,79.43413926467045,56.03102796958919,
145,9.5,97.04620281400318,77.15693098967253,57.94492138178561,
145,10.0,96.68720841329247,74.75156156094319,56.10381195983813,
145,10.5,95.04549632479177,78.08956854634417,52.9954720870428,
145,11.0,94.97285617818446,75.32826769917683,54.21867690084831,
145,11.5,97.16408093771386,80.47873213814435,52.09561913548077,
145,12.0,92.41375455759227,83.42719623119655,50.66041889840316,
150,2.0,142.5142959069809,59.672978323951995,74.33263548946034,
150,2.5,134.68077279560032,62.66789013047207,65.60100115029975,
150,3.0,134.98954168626148,54.082754846594135,71.37960096653593,
150,3.5,123.09775735266842,59.657063878427635,66.24793095939921,
150,4.0,126.78689860996035,64.15860149186831,61.700330814693416,
150,4.5,127.55964813006861,66.32513885252142,61.89331479508371,
150,5.0,123.72267937394868,69.37844268186903,61.901245251230705,
150,5.5,116.88965252148778,66.6144018511479,59.88179257608046,
150,6.0,120.3560679311946,70.33465068277893,57.77364836279103,
150,6.5,114.27208859764075,71.96902923824058,62.5981731630677,
150,7.0,116.40676552053034,70.00735361692861,62.50711930982608,
150,7.5,107.53130370758169,73.83881854973012,53.0142891441453,
150,8.0,112.67495498239515,73.48004388907383,56.50832948940907,
150,8.5,111.91347198159649,73.28059775387136,52.61637716740397,
150,9.0,110.96335553240903,74.87905575744458,53.22121607476892,
150,9.5,108.57282850675259,72.87299800398745,51.04096123379769,
150,10.0,101.40465840226535,74.868971416658,54.57279427768565,
150,10.5,107.20440386943415,76.92893699346759,48.192127783202224,
150,11.0,107.89968720069452,76.69606372225935,50.53965568443235,
150,11.5,107.57597524243117,80.06287612753054,52.578678039851546,
150,12.0,105.93559696369836,78.70745156615509,49.238071031454815,
155,2.0,144.12806097361695,57.51157511611638,69.76583414516764,
155,2.5,137.01512215267255,60.06572313676008,64.24469156544652,
155,3.0,139.25497700417512,53.01553668180848,64.36282027320127,
155,3.5,133.40751123885312,58.82432099845958,64.5150354769975,
155,4.0,133.0153705789713,62.76219795341313,61.801104002844895,
155,4.5,121.38489686979158,63.935514653563246,59.94169368028125,
155,5.0,129.90465934634966,67.3095235515848,57.70689558238622,
155,5.5,127.92777126834798,67.39684329316158,58.717072988420426,
155,6.0,118.28653860675692,65.92217449992656,60.07043476675546,
155,6.5,120.07397021243634,67.56121386695014,54.4382935088645,
155,7.0,123.97851803475973,71.36906916963498,55.17566530818147,
155,7.5,113.10215851601365,71.49121715691587,51.85731519484681,
155,8.0,110.82273630666145,73.46492017071887,54.37562213404429,
155,8.5,108.75496744387866,73.28319927519064,52.89748337282136,
155,9.0,117.04350231667674,70.07678626958739,54.75042041963405,
155,9.5,116.91683203915021,73.25009149551569,51.83318055546493,
155,10.0,114.35486963290258,74.98831550623596,51.76812173459425,
155,10.5,114.12341132876155,74.48892472941172,48.22190108264291,
155,11.0,105.02461493251764,74.41183661659875,46.87552651783772,
155,11.5,105.86444693401448,73.33255538878922,49.42036685708437,
155,12.0,104.21482566194369,72.87937860783319,50.96795887984814,
160,2.0,148.06634908862995,58.18295400275623,65.3943401508884,
160,2.5,139.27525441688866,58.422433288325195,60.70911614065509,
160,3.0,140.74477973569168,52.839079359398795,67.42340569961856,
160,3.5,137.00593812562974,58.69668879550192,62.8233290237181,
160,4.0,131.21313284015605,57.24258720860148,62.482649708125926,
160,4.5,126.9241363101051,61.35690915682774,59.73253546710529,
160,5.0,131.04406952629154,64.08514153298069,57.949957718773824,
160,5.5,123.98576618184751,62.95875898802043,57.3232821561362,
160,6.0,131.80311350076906,63.472243488820226,55.03929847935449,
160,6.5,127.30732448765539,67.61662025570858,54.00322551287757,
160,7.0,128.48574650264985,63.41659309421287,48.910651618760994,
160,7.5,124.60404782007477,64.09272645569709,52.05898854441435,
160,8.0,118.7831763214886,69.05731675743816,50.513770963940964,
160,8.5,120.40804894116704,67.1819438732731,53.4082039320143,
160,9.0,121.38956874238274,67.34649177331575,50.857531572020086,
160,9.5,114.21683099914246,72.73913896842726,48.69046886515223,
160,10.0,114.25410103041055,67.21864656231145,49.59418402677154,
160,10.5,111.22197017862881,74.94199050324018,42.99173178070843,
160,11.0,117.33684934828206,73.86269523123138,49.37334674385774,
160,11.5,116.50487020696778,76.0680540095906,48.497693924880025,
160,12.0,114.2640289253008,73.75572051821753,44.19962834780854,
165,2.0,160.88683162778463,55.21366136791682,64.63435968409419,
165,2.5,148.82393718215064,59.32128940813939,63.63932791551118,199.558934
165,3.0,147.5658640808091,51.322594061350166,60.81240556589372,
165,3.5,147.14715046307356,55.936877104511034,58.60344971777092,199.899466
165,4.0,146.76000432811972,58.76005413229737,57.358575679771796,199.630876
165,4.5,133.46760669871617,60.68646848038716,62.6912890283935,199.370346
165,5.0,135.3257513181268,61.65820531126008,57.11083998887182,199.063841
165,5.5,130.75385730934988,61.04116893526414,56.191794020887535,198.797373
165,6.0,137.314710788122,61.97995418571774,52.93359188766327,198.539536
165,6.5,136.811459619465,63.21114890995979,53.80313496920278,198.300302
165,7.0,133.95518317677232,67.32901271929761,55.00776992473427,198.046985
165,7.5,128.4828372268226,65.41231667073964,53.84179087792243,197.815262
165,8.0,130.460477909574,65.21530517196112,51.64746422386145,197.560802
165,8.5,125.21671773239183,69.50590576260123,50.30462218909888,197.310147
165,9.0,125.23499530693036,68.7658467636252,49.99818845587545,197.06303
165,9.5,120.29123457330259,70.45719317962067,46.39391382894373,196.814957
165,10.0,120.0504689810536,70.86521758419204,39.40568507492843,196.572478
165,10.5,115.33880516208545,71.21824474288545,46.17565127266309,196.303552
165,11.0,116.30420187698162,71.2963747841188,41.23126076961519,196.094437
165,11.5,118.6813006441843,69.6734060457448,43.77493235648982,195.863431
165,12.0,117.72850022488825,70.88151976883819,42.57549695901685,195.578279
170,2.0,162.86720217541065,52.06100707426236,62.81528522271067,194.330718
170,2.5,154.02328478982136,58.073522189876954,56.681830530116414,193.705491
170,3.0,145.74297722892658,49.45850922597594,58.05801523725177,194.270325
170,3.5,148.48359842468062,51.090680257234006,59.312417073553604,194.015324
170,4.0,152.49328739638787,54.33002512289359,56.283284088632016,193.758253
170,4.5,138.19217340914827,56.13005590160516,57.234726205222735,193.504968
170,5.0,137.27372322096642,59.42794480962753,57.19909215695418,193.186701
170,5.5,135.80633023992078,58.101623036587675,53.04270468063963,192.931978
170,6.0,142.48790463879334,60.67347144821549,52.324195457487704,192.684856
170,6.5,136.53818030899242,60.16930316730905,48.31927471689417,192.451759
170,7.0,131.83436383434994,63.40199003723902,49.81023055413495,192.200728
170,7.5,128.21781674141693,62.223562858758086,49.38462516246064,191.949374
170,8.0,125.2421183579443,67.46279424500715,50.42021207202589,191.74069
170,8.5,123.22407435623985,67.03513463060752,46.061392925888136,191.50282
170,9.0,134.33441103573696,68.92952577558584,47.14782655334575,191.265985
170,9.5,129.50627080910544,69.03962114214704,45.092770134936174,191.039005
170,10.0,128.85620733925663,64.81109054357874,44.526799909462845,190.796096
170,10.5,127.0534365780472,67.24662962565843,41.74924722894882,190.559385
170,11.0,127.22908180563279,65.80820500747309,36.91007940865449,190.324726
170,11.5,122.56482230510177,70.95405580611754,32.96866805837919,190.09271
170,12.0,118.4297092381296,71.69561339544433,44.393285726002844,189.829425
175,2.0,163.69206303984924,50.3522384419606,59.44401923657953,188.772197
175,2.5,168.58296552713932,57.15290343670343,54.55794486266854,188.167421
175,3.0,158.91495935545223,46.99930662458802,60.2876938535204,188.712832
175,3.5,160.75510328104542,53.185464703767266,55.297584247804934,188.462809
175,4.0,153.85764445019774,52.28119725364746,57.205889460803284,188.218037
175,4.5,153.91946663594277,57.195061080092884,54.99328571461834,187.975472
175,5.0,140.98334902551971,57.41879894181515,54.22266321164482,187.665504
175,5.5,142.17412164676915,61.386123166961184,50.342654906367315,187.416959
175,6.0,140.42213430493553,57.55949056154486,48.51153535449963,187.17086
175,6.5,145.98025871802344,58.68040905008123,52.49605473262909,186.912004
175,7.0,144.00394915358262,58.74846743614383,50.598583485862044,186.736413
175,7.5,141.15814560795818,60.128201143976355,48.460910810163895,186.494568
175,8.0,132.37794123466293,63.05561421228182,48.76884155469608,186.269288
175,8.5,136.35106400158915,61.87000152794794,44.79850635265379,186.040969
175,9.0,131.3702279771809,63.48225481764831,43.275640622579814,185.813143
175,9.5,130.60440466032819,64.41333894308515,43.25143610178464,185.579554
175,10.0,136.17143282205012,64.87667159073463,41.809327564088186,185.35263
175,10.5,127.43494000354796,64.58147100956376,44.3961084859439,185.128619
175,11.0,130.06278012539877,64.39184028069226,40.98409644358736,184.908008
175,11.5,122.95360111320731,64.5599874718815,36.199061708325175,184.679127
175,12.0,128.89059672223655,69.16398524763045,39.4473990619632,184.477274
180,2.0,174.79697398272552,50.13172109616729,60.48296940181646,183.50632
180,2.5,171.45857161562105,57.00674004250501,54.85799500998252,182.923251
180,3.0,164.5462854725286,46.29486786802904,55.38823666784873,183.454352
180,3.5,168.34126681316533,51.8775385152046,54.189331344050885,183.215557
180,4.0,163.277659696474,50.69166569271328,53.12463402422376,182.976829
180,4.5,151.70616606985683,54.35476936466422,48.027509817026655,182.747401
180,5.0,154.75514723572087,57.77798641253942,55.88621763219538,182.456218
180,5.5,147.16898598089335,54.775807691941125,48.14857252453251,182.219109
180,6.0,142.46860505170062,56.97098817393831,47.72200157556041,181.990398
180,6.5,151.306866600694,61.65124757319267,48.138834720048884,181.756529
180,7.0,144.98046252919113,57.542534608103125,47.628754440235554,181.52915
180,7.5,141.29336826421297,62.72823529164904,48.70660030383449,181.315479
180,8.0,144.36339322168612,60.94898631224083,47.226394504407104,181.095421
180,8.5,135.29800083354036,63.654203175792816,43.01505018306988,180.881362
180,9.0,134.92664081934987,61.43851456786621,42.547707986662765,180.657727
180,9.5,137.21888102901073,63.810541695553226,42.584305074708844,180.435005
180,10.0,137.22876865108486,65.86760535632258,42.350437150263,180.216419
180,10.5,136.18590256063334,62.753019192068585,41.4881600079277,179.998852
180,11.0,135.19236656061184,67.85989799880265,41.148692045839546,179.784788
180,11.5,135.89500651012773,64.23720395123718,35.32161563785208,179.566776
180,12.0,130.82875523767433,66.28508023151748,39.085406670860074,179.36871
185,2.0,176.59627243617325,48.54423781466736,55.52930541223209,178.48056
185,2.5,182.8504480562495,53.52666866948334,54.69349665042157,177.919575
185,3.0,164.03889785560634,48.449500718971656,56.38928884136425,178.442473
185,3.5,168.88158728326235,50.22198037755176,55.53683623371853,178.212176
185,4.0,162.4421757164178,50.18726874487565,53.85134173240116,177.986412
185,4.5,169.597069856446,50.84373445227799,52.65755818342326,177.760066
185,5.0,165.45936858009978,52.82250726627309,47.628549372804926,177.519599
185,5.5,151.6666705048906,57.249912974626106,51.963769073800236,177.284883
185,6.0,150.3177888361792,54.687350279111904,48.70604958538031,177.061503
185,6.5,159.72812650901525,57.62454834449597,47.906991774465524,176.841115
185,7.0,147.05504206214292,56.186757915047316,46.762524564405325,176.622832
185,7.5,149.76617020231325,59.48652062834009,50.52434497565626,176.355488
185,8.0,148.01205441878062,60.003512280859056,41.90999190035089,176.204012
185,8.5,140.59535445356562,62.06258218392979,40.72591699247601,175.984983
185,9.0,146.21753525396528,58.67620576363753,41.83969861610653,175.76578
185,9.5,148.28475110949674,62.85356384217784,42.67189281138721,175.552637
185,10.0,147.35493963946175,62.31650963634145,38.47909419118741,175.339823
185,10.5,134.2859579297168,62.812431461750414,38.27765534827886,175.131555
185,11.0,138.68941059752478,62.76664622207935,41.842885806495715,174.924001
185,11.5,136.29841181732624,66.34412865366761,40.40730701894001,174.720502
185,12.0,130.3613198575981,62.45870244440938,38.065785656271714,174.52552
190,2.0,180.59364387353745,46.58914575514073,56.74556450060694,173.807088
190,2.5,174.50206869722405,52.7567681344267,50.18816454525328,173.262153
190,3.0,173.2051524333967,44.44001923342111,54.70361845245162,173.746763
190,3.5,180.1024380170301,48.36164342371434,50.700636600321985,173.525275
190,4.0,171.6625522394204,52.63745512748577,53.30221719376689,173.303613
190,4.5,175.47157921068873,50.44206113409742,48.960245243529506,173.083042
190,5.0,169.78265379767112,52.28033587157495,46.91804207222859,172.818651
190,5.5,162.2319586349365,53.07238976634547,47.23808441865575,172.598892
190,6.0,154.18571437985528,56.17080857159377,47.542141443263326,172.38348
190,6.5,153.67036278090694,54.918848522897505,45.77351559661757,172.168913
190,7.0,157.5113453905632,57.06450790099218,45.18759234730638,171.94014
190,7.5,155.71529042554093,55.91661117917085,44.74393221904191,171.743787
190,8.0,145.9961518764027,56.943752012960424,43.26672228340511,171.550732
190,8.5,144.62843715832477,59.799436655498724,42.17021429748412,171.342687
190,9.0,154.92919958776537,59.306426247938816,38.030673037809194,171.136811
190,9.5,148.41799703564064,61.169524464962244,40.91687333258694,170.920514
190,10.0,141.25362103119454,63.06394350938308,36.68030191334825,170.725034
190,10.5,145.64182590088927,62.8840781994086,37.69625706604091,170.523476
190,11.0,146.02225031080692,63.41779024345591,32.527738743139544,170.313918
190,11.5,144.64927124065915,63.23320168957474,40.65878207556161,170.107575
190,12.0,137.770854553827,64.46601503076124,36.67210193274011,169.936115
195,2.0,183.2623218728348,47.5603390272497,54.90972457185625,169.332383
195,2.5,193.61590936639504,49.129259975376776,50.21661197708998,168.806949
195,3.0,181.2522730099309,46.60313127709713,54.20281996348298,169.284963
195,3.5,171.43323842845308,45.39506798450766,49.342158126476,169.070021
195,4.0,175.5447587631326,47.041905605105846,49.38466987582497,168.846847
195,4.5,177.80521134264603,49.146406968837866,46.25015634399102,168.644296
195,5.0,171.57333363075452,50.32825731666918,46.6563180055223,168.383501
195,5.5,176.1856278766749,51.93386148764216,49.476870565834844,168.166561
195,6.0,162.13691236722318,53.50386455179846,48.093317477808746,167.955538
195,6.5,162.90182320512668,57.70923195235143,44.78882150249751,167.749418
195,7.0,162.11646482308004,56.32974158167612,43.25855431015689,167.536575
195,7.5,163.85446618270285,56.052802004922654,41.71238871513737,167.357936
195,8.0,160.79619194377474,54.80433393717895,38.85998483070471,167.149103
195,8.5,154.02107951646408,56.75788383633659,41.28965184619591,166.947121
195,9.0,151.34065996031424,56.02881268388763,37.48649944684989,166.744139
195,9.5,152.05165593108984,58.7784540247719,36.77411628021937,166.53929
195,10.0,146.27290077754986,57.28035263221683,36.32156001539458,166.338484
195,10.5,152.38395616367498,60.30283562990511,37.97760917231822,166.146783
195,11.0,142.94431115708286,57.75921539297924,36.09427934479969,165.945957
195,11.5,149.4530542086132,62.43734063428791,35.57312691993694,165.755339
195,12.0,142.40829875412956,58.1766149053628,34.02461407463479,165.578617
200,2.0,205.45042909423833,46.58171549195652,53.76285060573176,165.038821
200,2.5,202.5146266291475,49.77637926932487,51.99960434865034,164.524739
200,3.0,188.65431967293588,45.55369174742909,49.33347889202178,165.009641
200,3.5,179.23223659044777,46.55375993154006,51.55694453609893,164.801449
200,4.0,179.00175327293053,48.91187755310288,46.33220771229978,164.605599
200,4.5,172.24361681955023,48.75742937147838,46.60496809672507,164.400168
200,5.0,181.81299439902938,50.865757515345436,47.06147936604235,164.159914
200,5.5,180.35908231657623,51.8640626474815,49.53120286729668,163.950505
200,6.0,180.85494521803716,53.412820223404324,43.888448376625774,163.749762
200,6.5,164.67262182229967,54.086648967947546,42.665857920762335,163.546309
200,7.0,175.0533257994044,51.824018607152496,40.48494371490938,163.333237
200,7.5,159.54786657462745,55.56776422999938,38.464094419342885,163.132567
200,8.0,157.23112998694612,54.703607998169254,38.076037579680595,162.97014
200,8.5,156.4447146312229,56.872002220231074,39.2265558408117,162.771321
200,9.0,157.13335073652524,58.6374166920735,38.75076967268183,162.575981
200,9.5,153.0362452098248,55.215417201455566,38.46362531373627,162.378296
200,10.0,155.90665839556817,59.22228383760106,35.54605624309069,162.185194
200,10.5,160.71434113586565,57.09511870072413,39.846332265042555,161.993114
200,11.0,146.70722955073973,58.92317221668077,34.87120167705972,161.801194
200,11.5,158.2224981176981,61.518105255901425,34.540428347020814,161.612602
200,12.0,158.16767115415806,57.984665513209094,32.829773876274956,161.437199
